xmin,ymin,xmax,ymax,confidence,class,name
0.18149414658546448,6.660424709320068,705.2353515625,752.8629760742188,0.7355695366859436,0,person
